{"metadata":{"asset_id":"15e0fb27-a623-4349-bb3b-244c70a40832","asset_attributes":["dashboard"],"name":"Successful Contracts Dashboard","asset_type":"dashboard","created_at":"2022-06-08T17:11:04Z","description":"","origin_country":"us","owner_id":"IBMid-270004FPGB","project_id":"6447a93a-601f-488b-b6b4-63f7ce38f29a","size":64300,"usage":{"last_update_time":1654708266112,"last_updated_at":"2022-06-08T17:11:06Z"}},"entity":{"dashboard":{"share":{"shared":false,"token":"551df7213ce9698d52cddce4079f28027a662c5ee3bb850381d37b4907682397f36f4195c829480cdd425060fbba105098"},"associated_service":{"name":"IBM Cognos Dashboard Embedded-oy","guid":"1b1be0ba-3e48-4661-9c05-1f07582090e9","type":"dde","credentials":{"api_endpoint_url":"https://us-south.dynamic-dashboard-embedded.cloud.ibm.com/daas/","client_id":"e4d86917-74b5-481f-acb3-37011a0f34d1","client_secret":"5715bcde0912a5f2cfb0ee710ce89a2ea2535068","api_file_endpoint_url":"https://us-south.dynamic-dashboard-embedded.cloud.ibm.com/daas/"}}},"location_definition":{"physical_location_code":"DAL","physical_location_code_assigned_by":"IBMid-270004FPGB","physical_location_code_rds_id":"c57cb90f-2126-3800-9c9f-9eab82021cdf","physical_location_code_rds_version":"2fa08e49-224a-4794-8aed-c3f8040e0b6f_0","physical_location_code_assignment_method":"INFERRED","physical_location_code_added_on":"1654708240909"}},"attachments":[{"id":"7e38a06e-8a7e-4393-be52-0e2469c56b87","version":2,"asset_type":"dashboard","name":"referenced","description":"referenced","datasource_type":"193a97c1-4475-4a19-b90c-295c4fdc6517","object_key":"dashboard/referenced_15e0fb27-a623-4349-bb3b-244c70a40832","creator_id":"iam-ServiceId-f49c5558-c247-4983-a04f-7d3c7a3d55da","create_time":1654708265964,"size":64300,"is_remote":false,"is_managed":false,"is_referenced":true,"is_object_key_read_only":true,"is_user_provided_path_key":true,"transfer_complete":true,"is_partitioned":false,"complete_time_ticks":1654708265964,"user_data":{},"test_doc":0,"handle":{"bucket":"intelligentcontractstest-donotdelete-pr-tyqabeq0g3klmh","location":"us-geo","key":"dashboard/referenced_15e0fb27-a623-4349-bb3b-244c70a40832","upload_id":"done","max_part_num":1},"usage":{"access_count":0,"last_accessor_id":"iam-ServiceId-f49c5558-c247-4983-a04f-7d3c7a3d55da","last_access_time":1654708265964}}]}
