{"metadata":{"asset_id":"8bde90f8-144d-45ef-ba1d-ca72f386a9e3","asset_attributes":["data_asset"],"name":"Contract Analysis Procurement-1.csv","asset_type":"data_asset","created_at":"2022-03-29T20:36:10Z","description":"","origin_country":"us","owner_id":"IBMid-666001FC52","project_id":"784f249c-4be1-4b9b-a53d-e0c45c3c222e","size":200924,"tags":[],"usage":{"last_update_time":1648586170756,"last_updated_at":"2022-03-29T20:36:10Z"}},"entity":{"data_asset":{"mime_type":"text/csv","dataset":false},"location_definition":{"physical_location_code":"DAL","physical_location_code_assigned_by":"IBMid-270004FPGB","physical_location_code_rds_id":"c57cb90f-2126-3800-9c9f-9eab82021cdf","physical_location_code_rds_version":"test_version_noop","physical_location_code_assignment_method":"INFERRED","physical_location_code_added_on":"1646757521033"}},"attachments":[{"id":"c10ef629-5df8-42e7-9acd-211232d85e3b","version":2,"asset_type":"data_asset","name":"Contract Analysis Procurement-1.csv","mime":"text/csv","datasource_type":"193a97c1-4475-4a19-b90c-295c4fdc6517","object_key":"Contract Analysis Procurement-1.csv","creator_id":"IBMid-666001FC52","create_time":1648586170755,"size":200924,"is_remote":false,"is_managed":false,"is_referenced":true,"is_object_key_read_only":true,"is_user_provided_path_key":true,"transfer_complete":true,"is_partitioned":false,"complete_time_ticks":1648586170755,"user_data":{},"test_doc":0,"handle":{"bucket":"projectanalysis-donotdelete-pr-iw4xt8rocboelr","location":"us-geo","key":"Contract Analysis Procurement-1.csv","upload_id":"done","max_part_num":1},"usage":{"access_count":0,"last_accessor_id":"IBMid-666001FC52","last_access_time":1648586170755}}]}
