{"metadata":{"asset_id":"caed4475-874a-4cfd-9c55-6fdfcd5e47c5","asset_attributes":["data_asset","location_definition"],"name":"Contract_Analysis.csv","asset_type":"data_asset","created_at":"2022-06-08T17:10:58Z","description":"","origin_country":"us","owner_id":"IBMid-270004FPGB","project_id":"6447a93a-601f-488b-b6b4-63f7ce38f29a","size":181619,"tags":[],"usage":{"last_update_time":1654708259077,"last_updated_at":"2022-06-08T17:10:59Z"}},"entity":{"data_asset":{"mime_type":"text/csv","dataset":false},"location_definition":{"physical_location_code":"DAL","physical_location_code_assigned_by":"IBMid-270004FPGB","physical_location_code_rds_id":"c57cb90f-2126-3800-9c9f-9eab82021cdf","physical_location_code_rds_version":"test_version_noop","physical_location_code_assignment_method":"INFERRED","physical_location_code_added_on":"1646757521033"}},"attachments":[{"id":"b00d9abc-a1e1-4cb3-b3c0-47820c44aaea","version":2,"asset_type":"data_asset","name":"Contract_Analysis.csv","mime":"text/csv","datasource_type":"193a97c1-4475-4a19-b90c-295c4fdc6517","object_key":"Contract_Analysis.csv","creator_id":"iam-ServiceId-f49c5558-c247-4983-a04f-7d3c7a3d55da","create_time":1654708258829,"size":181619,"is_remote":false,"is_managed":false,"is_referenced":true,"is_object_key_read_only":false,"is_user_provided_path_key":true,"transfer_complete":true,"is_partitioned":false,"complete_time_ticks":1654708258829,"user_data":{},"test_doc":0,"handle":{"bucket":"intelligentcontractstest-donotdelete-pr-tyqabeq0g3klmh","location":"us-geo","key":"Contract_Analysis.csv","upload_id":"done","max_part_num":1},"usage":{"access_count":0,"last_accessor_id":"iam-ServiceId-f49c5558-c247-4983-a04f-7d3c7a3d55da","last_access_time":1654708258829}}]}
