{"metadata":{"asset_id":"9946570d-23c2-4a5e-a8a5-cbf1d943bf67","asset_attributes":["data_asset"],"name":"Unscored_Contracts.csv","asset_type":"data_asset","created_at":"2022-03-22T20:11:07Z","description":"","origin_country":"us","owner_id":"IBMid-270004FPGB","project_id":"784f249c-4be1-4b9b-a53d-e0c45c3c222e","size":173945,"tags":[],"usage":{"last_update_time":1648747775815,"last_updated_at":"2022-03-31T17:29:35Z"}},"entity":{"data_asset":{"mime_type":"text/csv","dataset":false},"location_definition":{"physical_location_code":"DAL","physical_location_code_assigned_by":"IBMid-270004FPGB","physical_location_code_rds_id":"c57cb90f-2126-3800-9c9f-9eab82021cdf","physical_location_code_rds_version":"test_version_noop","physical_location_code_assignment_method":"INFERRED","physical_location_code_added_on":"1646757521033"}},"attachments":[{"id":"e23c0117-2245-4029-87a7-cfe917c4a719","version":2,"asset_type":"data_asset","name":"Unscored_Contracts.csv","mime":"text/csv","datasource_type":"193a97c1-4475-4a19-b90c-295c4fdc6517","object_key":"Unscored_Contracts.csv","creator_id":"IBMid-270004FPGB","create_time":1647979868831,"size":173945,"is_remote":false,"is_managed":false,"is_referenced":true,"is_object_key_read_only":true,"is_user_provided_path_key":true,"transfer_complete":true,"is_partitioned":false,"complete_time_ticks":1647979868831,"user_data":{},"test_doc":0,"handle":{"bucket":"projectanalysis-donotdelete-pr-iw4xt8rocboelr","location":"us-geo","key":"Unscored_Contracts.csv","upload_id":"done","max_part_num":1},"usage":{"access_count":2,"last_accessor_id":"IBMid-270004FPGB","last_access_time":1648747775813,"last_updater_id":"IBMid-270004FPGB","last_update_time":1648747775813}}]}
