{"metadata":{"asset_id":"f1109928-3f0b-46ae-be1e-3f1e34ce4a07","asset_attributes":["data_asset"],"name":"Contract_Analysis.csv","asset_type":"data_asset","created_at":"2022-03-17T21:18:58Z","description":"","origin_country":"us","owner_id":"IBMid-270004FPGB","project_id":"784f249c-4be1-4b9b-a53d-e0c45c3c222e","size":181619,"tags":[],"usage":{"last_update_time":1648751582334,"last_updated_at":"2022-03-31T18:33:02Z"}},"entity":{"data_asset":{"mime_type":"text/csv","dataset":false,"schema":{"etag":"\"f3566820d128de7d2565e443d44c7f27\"","valid_since":"Thu, 31 Mar 2022 17:42:20 GMT","fields":[{"name":"Successful Contract","type":"string","format":"default"},{"name":"Effective Date","type":"string","format":"default"},{"name":"Termination Date","type":"string","format":"default"},{"name":"Duration Days","type":"integer","format":"default"},{"name":"Duration Range","type":"string","format":"default"},{"name":"Contract Amount (yr)","type":"integer","format":"default"},{"name":"Contract Range","type":"string","format":"default"},{"name":"Vendor Quality","type":"integer","format":"default"},{"name":"On Time","type":"string","format":"default"},{"name":"Budget","type":"string","format":"default"},{"name":"Deliverable Type","type":"string","format":"default"},{"name":"Sourcing Organization","type":"string","format":"default"},{"name":"Expense Type","type":"string","format":"default"},{"name":"Budget Line Item","type":"string","format":"default"},{"name":"Auto Renewal","type":"string","format":"default"},{"name":"Indemnification","type":"string","format":"default"},{"name":"Supplier","type":"string","format":"default"},{"name":"Contract Number","type":"string","format":"default"},{"name":"Disclaimer","type":"string","format":"default"},{"name":"Oligation","type":"string","format":"default"},{"name":"Amendment","type":"string","format":"default"},{"name":"Deliverables","type":"string","format":"default"},{"name":"Force Majeure","type":"string","format":"default"},{"name":"Liability","type":"string","format":"default"},{"name":"Payment Terms & Billing","type":"string","format":"default"},{"name":"Term & Termination","type":"string","format":"default"},{"name":"Contract Type","type":"string","format":"default"},{"name":"Location","type":"string","format":"default"},{"name":"Currency","type":"string","format":"default"},{"name":"Intellectual Property","type":"string","format":"default"}]}},"location_definition":{"physical_location_code_assignment_method":"INFERRED","physical_location_code":"DAL","physical_location_code_assigned_by":"IBMid-270004FPGB","physical_location_code_added_on":"1646757521033","physical_location_code_rds_version":"test_version_noop","physical_location_code_rds_id":"c57cb90f-2126-3800-9c9f-9eab82021cdf"}},"attachments":[{"id":"16113b06-c234-4c24-94f3-f4b03158ec6e","version":2,"asset_type":"data_asset","name":"Contract_Analysis.csv","mime":"text/csv","datasource_type":"193a97c1-4475-4a19-b90c-295c4fdc6517","object_key":"Contract_Analysis.csv","creator_id":"IBMid-270004FPGB","create_time":1647551938993,"size":181619,"is_remote":false,"is_managed":false,"is_referenced":true,"is_object_key_read_only":true,"is_user_provided_path_key":true,"transfer_complete":true,"is_partitioned":false,"complete_time_ticks":1647551938993,"user_data":{},"test_doc":0,"handle":{"bucket":"projectanalysis-donotdelete-pr-iw4xt8rocboelr","location":"us-geo","key":"Contract_Analysis.csv","upload_id":"done","max_part_num":1},"usage":{"access_count":13,"last_accessor_id":"IBMid-270004FPGB","last_access_time":1648748541791,"last_updater_id":"IBMid-270004FPGB","last_update_time":1648748541791}}]}
