{"metadata":{"asset_id":"c8fec6ec-03c3-4e43-a50a-fdc6a93de8c5","asset_attributes":["data_asset"],"name":"Claims_to_Review.csv","asset_type":"data_asset","created_at":"2022-03-18T17:42:48Z","description":"","origin_country":"us","owner_id":"IBMid-270004FPGB","project_id":"784f249c-4be1-4b9b-a53d-e0c45c3c222e","size":4782944,"tags":[],"usage":{"last_update_time":1647869002374,"last_updated_at":"2022-03-21T13:23:22Z"}},"entity":{"data_asset":{"mime_type":"text/csv","dataset":false},"location_definition":{"physical_location_code_assignment_method":"INFERRED","physical_location_code":"DAL","physical_location_code_assigned_by":"IBMid-270004FPGB","physical_location_code_added_on":"1646757521033","physical_location_code_rds_version":"test_version_noop","physical_location_code_rds_id":"c57cb90f-2126-3800-9c9f-9eab82021cdf"}},"attachments":[{"id":"5dd7a2b4-f6ec-4497-a3ec-ad5e9df03d01","version":2,"asset_type":"data_asset","name":"Claims_to_Review.csv","mime":"text/csv","datasource_type":"193a97c1-4475-4a19-b90c-295c4fdc6517","object_key":"Claims_to_Review.csv","creator_id":"IBMid-270004FPGB","create_time":1647625368732,"size":4782944,"is_remote":false,"is_managed":false,"is_referenced":true,"is_object_key_read_only":true,"is_user_provided_path_key":true,"transfer_complete":true,"is_partitioned":false,"complete_time_ticks":1647625368732,"user_data":{},"test_doc":0,"handle":{"bucket":"projectanalysis-donotdelete-pr-iw4xt8rocboelr","location":"us-geo","key":"Claims_to_Review.csv","upload_id":"done","max_part_num":1},"usage":{"access_count":1,"last_accessor_id":"IBMid-270004FPGB","last_access_time":1647869002373,"last_updater_id":"IBMid-270004FPGB","last_update_time":1647869002373}}]}
