{"metadata":{"asset_id":"c1a4e5bc-a9ff-4012-bd51-20ec87c2b22c","asset_attributes":["data_asset","location_definition","data_profile","column_info"],"name":"Scored_Contracts.csv","asset_type":"data_asset","created_at":"2022-06-08T17:10:58Z","description":"","origin_country":"us","owner_id":"IBMid-270004FPGB","project_id":"6447a93a-601f-488b-b6b4-63f7ce38f29a","size":245240,"tags":[],"usage":{"last_update_time":1654708263743,"last_updated_at":"2022-06-08T17:11:03Z"}},"entity":{"data_asset":{"mime_type":"text/csv","dataset":true,"columns":[{"name":"Contract Number","type":{"length":1024,"nullable":true,"type":"varchar","scale":0,"signed":false}},{"name":"Effective Date","type":{"length":1024,"nullable":true,"type":"varchar","scale":0,"signed":false}},{"name":"Termination Date","type":{"length":1024,"nullable":true,"type":"varchar","scale":0,"signed":false}},{"name":"Duration Days","type":{"length":1024,"nullable":true,"type":"varchar","scale":0,"signed":false}},{"name":"Duration Range","type":{"length":1024,"nullable":true,"type":"varchar","scale":0,"signed":false}},{"name":"Contract Amount (yr)","type":{"length":1024,"nullable":true,"type":"varchar","scale":0,"signed":false}},{"name":"Contract Range","type":{"length":1024,"nullable":true,"type":"varchar","scale":0,"signed":false}},{"name":"Vendor Quality","type":{"length":1024,"nullable":true,"type":"varchar","scale":0,"signed":false}},{"name":"On Time","type":{"length":1024,"nullable":true,"type":"varchar","scale":0,"signed":false}},{"name":"Budget","type":{"length":1024,"nullable":true,"type":"varchar","scale":0,"signed":false}},{"name":"Deliverable Type","type":{"length":1024,"nullable":true,"type":"varchar","scale":0,"signed":false}},{"name":"Sourcing Organization","type":{"length":1024,"nullable":true,"type":"varchar","scale":0,"signed":false}},{"name":"Expense Type","type":{"length":1024,"nullable":true,"type":"varchar","scale":0,"signed":false}},{"name":"Budget Line Item","type":{"length":1024,"nullable":true,"type":"varchar","scale":0,"signed":false}},{"name":"Auto Renewal","type":{"length":1024,"nullable":true,"type":"varchar","scale":0,"signed":false}},{"name":"Indemnification","type":{"length":1024,"nullable":true,"type":"varchar","scale":0,"signed":false}},{"name":"Supplier","type":{"length":1024,"nullable":true,"type":"varchar","scale":0,"signed":false}},{"name":"Disclaimer","type":{"length":1024,"nullable":true,"type":"varchar","scale":0,"signed":false}},{"name":"Oligation","type":{"length":1024,"nullable":true,"type":"varchar","scale":0,"signed":false}},{"name":"Amendment","type":{"length":1024,"nullable":true,"type":"varchar","scale":0,"signed":false}},{"name":"Deliverables","type":{"length":1024,"nullable":true,"type":"varchar","scale":0,"signed":false}},{"name":"Force Majeure","type":{"length":1024,"nullable":true,"type":"varchar","scale":0,"signed":false}},{"name":"Liability","type":{"length":1024,"nullable":true,"type":"varchar","scale":0,"signed":false}},{"name":"Payment Terms & Billing","type":{"length":1024,"nullable":true,"type":"varchar","scale":0,"signed":false}},{"name":"Term & Termination","type":{"length":1024,"nullable":true,"type":"varchar","scale":0,"signed":false}},{"name":"Contract Type","type":{"length":1024,"nullable":true,"type":"varchar","scale":0,"signed":false}},{"name":"Location","type":{"length":1024,"nullable":true,"type":"varchar","scale":0,"signed":false}},{"name":"Currency","type":{"length":1024,"nullable":true,"type":"varchar","scale":0,"signed":false}},{"name":"Intellectual Property","type":{"length":1024,"nullable":true,"type":"varchar","scale":0,"signed":false}},{"name":"$XF-Successful Contract","type":{"length":1024,"nullable":true,"type":"varchar","scale":0,"signed":false}},{"name":"$XFC-Successful Contract","type":{"length":1024,"nullable":true,"type":"varchar","scale":0,"signed":false}}],"properties":[{"name":"bucket","value":"projectanalysis-donotdelete-pr-iw4xt8rocboelr"},{"name":"file_name","value":"Scored_Contracts.csv"},{"name":"first_line_header","value":"true"},{"name":"encoding","value":"UTF-8"},{"name":"invalid_data_handling","value":"fail"},{"name":"file_format","value":"csv"}]},"location_definition":{"physical_location_code":"DAL","physical_location_code_assigned_by":"IBMid-270004FPGB","physical_location_code_rds_id":"c57cb90f-2126-3800-9c9f-9eab82021cdf","physical_location_code_rds_version":"test_version_noop","physical_location_code_assignment_method":"INFERRED","physical_location_code_added_on":"1646757521033"},"data_profile":{},"column_info":{"On Time":{"column_terms":[]},"Contract Number":{"column_terms":[]},"Contract Type":{"column_terms":[]},"Auto Renewal":{"column_terms":[]},"Contract Range":{"column_terms":[]},"Intellectual Property":{"column_terms":[]},"Deliverable Type":{"column_terms":[]},"Force Majeure":{"column_terms":[]},"Duration Days":{"column_terms":[]},"Deliverables":{"column_terms":[]},"Indemnification":{"column_terms":[]},"Amendment":{"column_terms":[]},"Currency":{"column_terms":[]},"Effective Date":{"column_terms":[]},"Budget":{"column_terms":[]},"Supplier":{"column_terms":[]},"Oligation":{"column_terms":[]},"Term & Termination":{"column_terms":[]},"Sourcing Organization":{"column_terms":[]},"Expense Type":{"column_terms":[]},"Disclaimer":{"column_terms":[]},"$XF-Successful Contract":{"column_terms":[]},"Termination Date":{"column_terms":[]},"Duration Range":{"column_terms":[]},"Payment Terms & Billing":{"column_terms":[]},"Liability":{"column_terms":[]},"Contract Amount (yr)":{"column_terms":[]},"$XFC-Successful Contract":{"column_terms":[]},"Vendor Quality":{"column_terms":[]},"Budget Line Item":{"column_terms":[]},"Location":{"column_terms":[]}}},"attachments":[{"id":"e74f3030-d6b2-4c63-8e1c-bd1db825112f","version":2,"asset_type":"data_asset","name":"Scored_Contracts.csv","mime":"text/csv","datasource_type":"193a97c1-4475-4a19-b90c-295c4fdc6517","object_key":"Scored_Contracts.csv","creator_id":"iam-ServiceId-f49c5558-c247-4983-a04f-7d3c7a3d55da","create_time":1654708263625,"size":245240,"is_remote":false,"is_managed":false,"is_referenced":true,"is_object_key_read_only":false,"is_user_provided_path_key":true,"transfer_complete":true,"is_partitioned":false,"complete_time_ticks":1654708263625,"user_data":{},"test_doc":0,"handle":{"bucket":"intelligentcontractstest-donotdelete-pr-tyqabeq0g3klmh","location":"us-geo","key":"Scored_Contracts.csv","upload_id":"done","max_part_num":1},"usage":{"access_count":0,"last_accessor_id":"iam-ServiceId-f49c5558-c247-4983-a04f-7d3c7a3d55da","last_access_time":1654708263625}}]}
