{"metadata":{"asset_id":"caed4475-874a-4cfd-9c55-6fdfcd5e47c5","asset_attributes":["data_asset","location_definition"],"name":"Contract_Analysis.csv","asset_type":"data_asset","created_at":"2022-06-08T17:10:58Z","description":"","origin_country":"us","owner_id":"IBMid-270004FPGB","project_id":"6447a93a-601f-488b-b6b4-63f7ce38f29a","size":181619,"tags":[],"usage":{"last_update_time":1655141772356,"last_updated_at":"2022-06-13T17:36:12Z"}},"entity":{"data_asset":{"mime_type":"text/csv","dataset":false,"schema":{"etag":"\"f3566820d128de7d2565e443d44c7f27\"","valid_since":"Wed, 08 Jun 2022 17:10:57 GMT","fields":[{"name":"Successful Contract","type":"string","format":"default"},{"name":"Effective Date","type":"string","format":"default"},{"name":"Termination Date","type":"string","format":"default"},{"name":"Duration Days","type":"integer","format":"default"},{"name":"Duration Range","type":"string","format":"default"},{"name":"Contract Amount (yr)","type":"integer","format":"default"},{"name":"Contract Range","type":"string","format":"default"},{"name":"Vendor Quality","type":"integer","format":"default"},{"name":"On Time","type":"string","format":"default"},{"name":"Budget","type":"string","format":"default"},{"name":"Deliverable Type","type":"string","format":"default"},{"name":"Sourcing Organization","type":"string","format":"default"},{"name":"Expense Type","type":"string","format":"default"},{"name":"Budget Line Item","type":"string","format":"default"},{"name":"Auto Renewal","type":"string","format":"default"},{"name":"Indemnification","type":"string","format":"default"},{"name":"Supplier","type":"string","format":"default"},{"name":"Contract Number","type":"string","format":"default"},{"name":"Disclaimer","type":"string","format":"default"},{"name":"Oligation","type":"string","format":"default"},{"name":"Amendment","type":"string","format":"default"},{"name":"Deliverables","type":"string","format":"default"},{"name":"Force Majeure","type":"string","format":"default"},{"name":"Liability","type":"string","format":"default"},{"name":"Payment Terms & Billing","type":"string","format":"default"},{"name":"Term & Termination","type":"string","format":"default"},{"name":"Contract Type","type":"string","format":"default"},{"name":"Location","type":"string","format":"default"},{"name":"Currency","type":"string","format":"default"},{"name":"Intellectual Property","type":"string","format":"default"}]}},"location_definition":{"physical_location_code":"DAL","physical_location_code_assigned_by":"IBMid-270004FPGB","physical_location_code_rds_id":"c57cb90f-2126-3800-9c9f-9eab82021cdf","physical_location_code_rds_version":"test_version_noop","physical_location_code_assignment_method":"INFERRED","physical_location_code_added_on":"1646757521033"}},"attachments":[{"id":"b00d9abc-a1e1-4cb3-b3c0-47820c44aaea","version":2,"asset_type":"data_asset","name":"Contract_Analysis.csv","mime":"text/csv","datasource_type":"193a97c1-4475-4a19-b90c-295c4fdc6517","object_key":"Contract_Analysis.csv","creator_id":"iam-ServiceId-f49c5558-c247-4983-a04f-7d3c7a3d55da","create_time":1654708258829,"size":181619,"is_remote":false,"is_managed":false,"is_referenced":true,"is_object_key_read_only":false,"is_user_provided_path_key":true,"transfer_complete":true,"is_partitioned":false,"complete_time_ticks":1654708258829,"user_data":{},"test_doc":0,"handle":{"bucket":"intelligentcontractstest-donotdelete-pr-tyqabeq0g3klmh","location":"us-geo","key":"Contract_Analysis.csv","upload_id":"done","max_part_num":1},"usage":{"access_count":0,"last_accessor_id":"iam-ServiceId-f49c5558-c247-4983-a04f-7d3c7a3d55da","last_access_time":1654708258829}}]}
