{"metadata":{"asset_id":"77c13065-c87b-4acf-9f43-948f489adb79","asset_attributes":["data_asset","data_profile","column_info"],"name":"Scored_Contracts.csv","asset_type":"data_asset","created_at":"2022-03-22T21:12:18Z","description":"","origin_country":"us","owner_id":"IBMid-270004FPGB","project_id":"784f249c-4be1-4b9b-a53d-e0c45c3c222e","size":245240,"tags":[],"usage":{"last_update_time":1650485562859,"last_updated_at":"2022-04-20T20:12:42Z"}},"entity":{"data_asset":{"mime_type":"text/csv","dataset":false,"schema":{"etag":"\"319d8addd57debef18f6b30a22786a9e-1\"","valid_since":"Wed, 20 Apr 2022 20:03:07 GMT","fields":[{"name":"Contract Number","type":"integer","format":"default"},{"name":"Effective Date","type":"date","format":"default"},{"name":"Termination Date","type":"date","format":"default"},{"name":"Duration Days","type":"integer","format":"default"},{"name":"Duration Range","type":"string","format":"default"},{"name":"Contract Amount (yr)","type":"integer","format":"default"},{"name":"Contract Range","type":"string","format":"default"},{"name":"Vendor Quality","type":"integer","format":"default"},{"name":"On Time","type":"string","format":"default"},{"name":"Budget","type":"string","format":"default"},{"name":"Deliverable Type","type":"string","format":"default"},{"name":"Sourcing Organization","type":"string","format":"default"},{"name":"Expense Type","type":"string","format":"default"},{"name":"Budget Line Item","type":"string","format":"default"},{"name":"Auto Renewal","type":"string","format":"default"},{"name":"Indemnification","type":"string","format":"default"},{"name":"Supplier","type":"string","format":"default"},{"name":"Disclaimer","type":"string","format":"default"},{"name":"Oligation","type":"string","format":"default"},{"name":"Amendment","type":"string","format":"default"},{"name":"Deliverables","type":"string","format":"default"},{"name":"Force Majeure","type":"string","format":"default"},{"name":"Liability","type":"string","format":"default"},{"name":"Payment Terms & Billing","type":"string","format":"default"},{"name":"Term & Termination","type":"string","format":"default"},{"name":"Contract Type","type":"string","format":"default"},{"name":"Location","type":"string","format":"default"},{"name":"Currency","type":"string","format":"default"},{"name":"Intellectual Property","type":"string","format":"default"},{"name":"$XF-Successful Contract","type":"string","format":"default"},{"name":"$XFC-Successful Contract","type":"number","format":"default"}]},"properties":[{"name":"bucket","value":"projectanalysis-donotdelete-pr-iw4xt8rocboelr"},{"name":"file_name","value":"Scored_Contracts.csv"},{"name":"first_line_header","value":"true"},{"name":"encoding","value":"UTF-8"},{"name":"invalid_data_handling","value":"fail"},{"name":"file_format","value":"csv"}],"columns":[{"name":"Contract Number","type":{"type":"varchar","length":1024,"scale":0,"nullable":true,"signed":false}},{"name":"Effective Date","type":{"type":"varchar","length":1024,"scale":0,"nullable":true,"signed":false}},{"name":"Termination Date","type":{"type":"varchar","length":1024,"scale":0,"nullable":true,"signed":false}},{"name":"Duration Days","type":{"type":"varchar","length":1024,"scale":0,"nullable":true,"signed":false}},{"name":"Duration Range","type":{"type":"varchar","length":1024,"scale":0,"nullable":true,"signed":false}},{"name":"Contract Amount (yr)","type":{"type":"varchar","length":1024,"scale":0,"nullable":true,"signed":false}},{"name":"Contract Range","type":{"type":"varchar","length":1024,"scale":0,"nullable":true,"signed":false}},{"name":"Vendor Quality","type":{"type":"varchar","length":1024,"scale":0,"nullable":true,"signed":false}},{"name":"On Time","type":{"type":"varchar","length":1024,"scale":0,"nullable":true,"signed":false}},{"name":"Budget","type":{"type":"varchar","length":1024,"scale":0,"nullable":true,"signed":false}},{"name":"Deliverable Type","type":{"type":"varchar","length":1024,"scale":0,"nullable":true,"signed":false}},{"name":"Sourcing Organization","type":{"type":"varchar","length":1024,"scale":0,"nullable":true,"signed":false}},{"name":"Expense Type","type":{"type":"varchar","length":1024,"scale":0,"nullable":true,"signed":false}},{"name":"Budget Line Item","type":{"type":"varchar","length":1024,"scale":0,"nullable":true,"signed":false}},{"name":"Auto Renewal","type":{"type":"varchar","length":1024,"scale":0,"nullable":true,"signed":false}},{"name":"Indemnification","type":{"type":"varchar","length":1024,"scale":0,"nullable":true,"signed":false}},{"name":"Supplier","type":{"type":"varchar","length":1024,"scale":0,"nullable":true,"signed":false}},{"name":"Disclaimer","type":{"type":"varchar","length":1024,"scale":0,"nullable":true,"signed":false}},{"name":"Oligation","type":{"type":"varchar","length":1024,"scale":0,"nullable":true,"signed":false}},{"name":"Amendment","type":{"type":"varchar","length":1024,"scale":0,"nullable":true,"signed":false}},{"name":"Deliverables","type":{"type":"varchar","length":1024,"scale":0,"nullable":true,"signed":false}},{"name":"Force Majeure","type":{"type":"varchar","length":1024,"scale":0,"nullable":true,"signed":false}},{"name":"Liability","type":{"type":"varchar","length":1024,"scale":0,"nullable":true,"signed":false}},{"name":"Payment Terms & Billing","type":{"type":"varchar","length":1024,"scale":0,"nullable":true,"signed":false}},{"name":"Term & Termination","type":{"type":"varchar","length":1024,"scale":0,"nullable":true,"signed":false}},{"name":"Contract Type","type":{"type":"varchar","length":1024,"scale":0,"nullable":true,"signed":false}},{"name":"Location","type":{"type":"varchar","length":1024,"scale":0,"nullable":true,"signed":false}},{"name":"Currency","type":{"type":"varchar","length":1024,"scale":0,"nullable":true,"signed":false}},{"name":"Intellectual Property","type":{"type":"varchar","length":1024,"scale":0,"nullable":true,"signed":false}},{"name":"$XF-Successful Contract","type":{"type":"varchar","length":1024,"scale":0,"nullable":true,"signed":false}},{"name":"$XFC-Successful Contract","type":{"type":"varchar","length":1024,"scale":0,"nullable":true,"signed":false}}]},"location_definition":{"physical_location_code_assignment_method":"INFERRED","physical_location_code":"DAL","physical_location_code_assigned_by":"IBMid-270004FPGB","physical_location_code_added_on":"1646757521033","physical_location_code_rds_version":"test_version_noop","physical_location_code_rds_id":"c57cb90f-2126-3800-9c9f-9eab82021cdf"},"data_profile":{},"column_info":{"On Time":{"column_terms":[]},"Contract Number":{"column_terms":[]},"Contract Type":{"column_terms":[]},"Auto Renewal":{"column_terms":[]},"Contract Range":{"column_terms":[]},"Intellectual Property":{"column_terms":[]},"Deliverable Type":{"column_terms":[]},"Force Majeure":{"column_terms":[]},"Duration Days":{"column_terms":[]},"Deliverables":{"column_terms":[]},"Indemnification":{"column_terms":[]},"Amendment":{"column_terms":[]},"Currency":{"column_terms":[]},"Effective Date":{"column_terms":[]},"Budget":{"column_terms":[]},"Supplier":{"column_terms":[]},"Oligation":{"column_terms":[]},"Term & Termination":{"column_terms":[]},"Sourcing Organization":{"column_terms":[]},"Expense Type":{"column_terms":[]},"Disclaimer":{"column_terms":[]},"$XF-Successful Contract":{"column_terms":[]},"Termination Date":{"column_terms":[]},"Duration Range":{"column_terms":[]},"Payment Terms & Billing":{"column_terms":[]},"Liability":{"column_terms":[]},"Contract Amount (yr)":{"column_terms":[]},"$XFC-Successful Contract":{"column_terms":[]},"Vendor Quality":{"column_terms":[]},"Budget Line Item":{"column_terms":[]},"Location":{"column_terms":[]}}},"attachments":[{"id":"eba985eb-db0c-41b0-8b51-0d60cc2ea425","version":2,"asset_type":"data_asset","name":"Scored_Contracts.csv","mime":"text/csv","datasource_type":"193a97c1-4475-4a19-b90c-295c4fdc6517","object_key":"Scored_Contracts.csv","creator_id":"IBMid-270004FPGB","create_time":1647983538664,"size":245240,"is_remote":false,"is_managed":false,"is_referenced":true,"is_object_key_read_only":true,"is_user_provided_path_key":true,"transfer_complete":true,"is_partitioned":false,"complete_time_ticks":1647983538664,"user_data":{},"test_doc":0,"handle":{"bucket":"projectanalysis-donotdelete-pr-iw4xt8rocboelr","location":"us-geo","key":"Scored_Contracts.csv","upload_id":"done","max_part_num":1},"usage":{"access_count":4,"last_accessor_id":"IBMid-270004FPGB","last_access_time":1650484992208,"last_updater_id":"IBMid-270004FPGB","last_update_time":1650484992208}}]}
