{"metadata":{"asset_id":"ab13e1de-fe9d-40e9-8804-337efbd4482f","asset_attributes":["data_asset"],"name":"Contract Analysis Procurement.csv","asset_type":"data_asset","created_at":"2022-03-26T13:10:30Z","description":"","origin_country":"us","owner_id":"IBMid-666001FC52","project_id":"784f249c-4be1-4b9b-a53d-e0c45c3c222e","size":188006,"tags":[],"usage":{"last_update_time":1648300231413,"last_updated_at":"2022-03-26T13:10:31Z"}},"entity":{"data_asset":{"mime_type":"text/csv","dataset":false},"location_definition":{"physical_location_code":"DAL","physical_location_code_assigned_by":"IBMid-270004FPGB","physical_location_code_rds_id":"c57cb90f-2126-3800-9c9f-9eab82021cdf","physical_location_code_rds_version":"test_version_noop","physical_location_code_assignment_method":"INFERRED","physical_location_code_added_on":"1646757521033"}},"attachments":[{"id":"72cdf284-fee2-461c-9aa5-3789ef7df13a","version":2,"asset_type":"data_asset","name":"Contract Analysis Procurement.csv","mime":"text/csv","datasource_type":"193a97c1-4475-4a19-b90c-295c4fdc6517","object_key":"Contract Analysis Procurement.csv","creator_id":"IBMid-666001FC52","create_time":1648300231411,"size":188006,"is_remote":false,"is_managed":false,"is_referenced":true,"is_object_key_read_only":true,"is_user_provided_path_key":true,"transfer_complete":true,"is_partitioned":false,"complete_time_ticks":1648300231411,"user_data":{},"test_doc":0,"handle":{"bucket":"projectanalysis-donotdelete-pr-iw4xt8rocboelr","location":"us-geo","key":"Contract Analysis Procurement.csv","upload_id":"done","max_part_num":1},"usage":{"access_count":0,"last_accessor_id":"IBMid-666001FC52","last_access_time":1648300231411}}]}
