{"metadata":{"asset_id":"56808a1d-92a3-4f64-a75d-ed4203dec3c9","asset_attributes":["notebook"],"name":"ContractSuccessRandomForest-Py38 Using Sklearn","asset_type":"notebook","created_at":"2022-06-08T17:11:04Z","description":"","origin_country":"us","owner_id":"IBMid-270004FPGB","project_id":"6447a93a-601f-488b-b6b4-63f7ce38f29a","size":164104,"tags":["notebook"],"usage":{"last_update_time":1654708267401,"last_updated_at":"2022-06-08T17:11:07Z"}},"entity":{"notebook":{"kernel":"","originates_from":{"type":"file"},"runtime":{"environment":"conda2rt221-6447a93a-601f-488b-b6b4-63f7ce38f29a"}},"location_definition":{"physical_location_code":"DAL","physical_location_code_assigned_by":"IBMid-270004FPGB","physical_location_code_rds_id":"c57cb90f-2126-3800-9c9f-9eab82021cdf","physical_location_code_rds_version":"2fa08e49-224a-4794-8aed-c3f8040e0b6f_0","physical_location_code_assignment_method":"INFERRED","physical_location_code_added_on":"1654708240909"}},"attachments":[{"id":"a9fb0888-3820-4038-b6f4-ba52b43cc361","version":2,"asset_type":"notebook","name":"attachment for notebook 56808a1d-92a3-4f64-a75d-ed4203dec3c9","description":"attachment for notebook 56808a1d-92a3-4f64-a75d-ed4203dec3c9","mime":"application/json","datasource_type":"193a97c1-4475-4a19-b90c-295c4fdc6517","object_key":"notebook/ContractSuccessRandomForest-Py38_Using_Sklearn_42cOwNz7B.ipynb","creator_id":"IBMid-270004FPGB","create_time":1654708265236,"size":164104,"is_remote":false,"is_managed":false,"is_referenced":true,"is_object_key_read_only":false,"is_user_provided_path_key":true,"transfer_complete":true,"is_partitioned":false,"complete_time_ticks":1654708265236,"user_data":{},"test_doc":0,"handle":{"bucket":"intelligentcontractstest-donotdelete-pr-tyqabeq0g3klmh","location":"us-geo","key":"notebook/ContractSuccessRandomForest-Py38_Using_Sklearn_42cOwNz7B.ipynb","upload_id":"done","max_part_num":1},"usage":{"access_count":0,"last_accessor_id":"IBMid-270004FPGB","last_access_time":1654708265236}}]}
