{"metadata":{"asset_id":"6c15fab7-adc8-4631-9f21-2a62f742caa4","asset_attributes":["notebook"],"name":"ContractSuccessRandomForest-Py38 Using Sklearn","asset_type":"notebook","created_at":"2022-03-18T14:58:10Z","description":"","origin_country":"us","owner_id":"IBMid-270004FPGB","project_id":"784f249c-4be1-4b9b-a53d-e0c45c3c222e","size":165116,"tags":["notebook"],"usage":{"last_update_time":1652989728997,"last_updated_at":"2022-05-19T19:48:48Z"}},"entity":{"notebook":{"kernel":{"name":"python3","display_name":"Python 3.9","language":"python"},"originates_from":{"type":"blank"},"runtime":{"environment":"conda1rt221-784f249c-4be1-4b9b-a53d-e0c45c3c222e"}},"location_definition":{"physical_location_code":"DAL","physical_location_code_assigned_by":"IBMid-270004FPGB","physical_location_code_rds_id":"c57cb90f-2126-3800-9c9f-9eab82021cdf","physical_location_code_rds_version":"test_version_noop","physical_location_code_assignment_method":"INFERRED","physical_location_code_added_on":"1646757521033"}},"attachments":[{"id":"e551fc7a-6373-4e04-b60c-64cb9cd236dc","version":2,"asset_type":"notebook","name":"attachment for notebook 6c15fab7-adc8-4631-9f21-2a62f742caa4","description":"attachment for notebook 6c15fab7-adc8-4631-9f21-2a62f742caa4","mime":"application/json","datasource_type":"193a97c1-4475-4a19-b90c-295c4fdc6517","object_key":"notebook/ContractSuccessRandomForest-Py38_Using_Sklearn_kUecAfx-J.ipynb","creator_id":"IBMid-270004FPGB","create_time":1647615490793,"size":165116,"is_remote":false,"is_managed":false,"is_referenced":true,"is_object_key_read_only":false,"is_user_provided_path_key":true,"transfer_complete":true,"is_partitioned":false,"complete_time_ticks":1647615490793,"user_data":{},"test_doc":0,"handle":{"bucket":"projectanalysis-donotdelete-pr-iw4xt8rocboelr","location":"us-geo","key":"notebook/ContractSuccessRandomForest-Py38_Using_Sklearn_kUecAfx-J.ipynb","upload_id":"done","max_part_num":1},"usage":{"access_count":43,"last_accessor_id":"IBMid-270004FPGB","last_access_time":1652989728996,"last_updater_id":"IBMid-270004FPGB","last_update_time":1652989728996}}]}
