{"metadata":{"asset_id":"7e57c6bb-38ca-4922-846f-8ff29dee5ca1","asset_attributes":["notebook"],"name":"ContractSuccessRandomForest-Py38 Using Sklearn","asset_type":"notebook","created_at":"2022-06-03T18:43:48Z","description":"","origin_country":"us","owner_id":"IBMid-270004FPGB","project_id":"784f249c-4be1-4b9b-a53d-e0c45c3c222e","size":164104,"tags":["notebook"],"usage":{"last_update_time":1654281829120,"last_updated_at":"2022-06-03T18:43:49Z"}},"entity":{"notebook":{"kernel":"","originates_from":{"type":"blank"},"runtime":{"environment":"conda2rt221-784f249c-4be1-4b9b-a53d-e0c45c3c222e"}},"location_definition":{"physical_location_code":"DAL","physical_location_code_assigned_by":"IBMid-270004FPGB","physical_location_code_rds_id":"c57cb90f-2126-3800-9c9f-9eab82021cdf","physical_location_code_rds_version":"test_version_noop","physical_location_code_assignment_method":"INFERRED","physical_location_code_added_on":"1646757521033"}},"attachments":[{"id":"198d647b-63c9-485e-a8e9-b00d100713a9","version":2,"asset_type":"notebook","name":"attachment for notebook 7e57c6bb-38ca-4922-846f-8ff29dee5ca1","description":"attachment for notebook 7e57c6bb-38ca-4922-846f-8ff29dee5ca1","mime":"application/json","datasource_type":"193a97c1-4475-4a19-b90c-295c4fdc6517","object_key":"notebook/ContractSuccessRandomForest-Py38_Using_Sklearn_42cOwNz7B.ipynb","creator_id":"IBMid-270004FPGB","create_time":1654281829120,"size":164104,"is_remote":false,"is_managed":false,"is_referenced":true,"is_object_key_read_only":false,"is_user_provided_path_key":true,"transfer_complete":true,"is_partitioned":false,"complete_time_ticks":1654281829120,"user_data":{},"test_doc":0,"handle":{"bucket":"projectanalysis-donotdelete-pr-iw4xt8rocboelr","location":"us-geo","key":"notebook/ContractSuccessRandomForest-Py38_Using_Sklearn_42cOwNz7B.ipynb","upload_id":"done","max_part_num":1},"usage":{"access_count":0,"last_accessor_id":"IBMid-270004FPGB","last_access_time":1654281829120}}]}
