{"metadata":{"asset_id":"881c6e37-85e8-4eaf-8185-0cbaa054711e","asset_attributes":["notebook"],"name":"Predicting Contract Success Using AutoAI - P2 Notebook","asset_type":"notebook","created_at":"2022-03-28T19:48:46Z","description":"","origin_country":"us","owner_id":"IBMid-270004FPGB","project_id":"784f249c-4be1-4b9b-a53d-e0c45c3c222e","size":21546,"tags":["contract"],"usage":{"last_update_time":1648496929179,"last_updated_at":"2022-03-28T19:48:49Z"}},"entity":{"notebook":{"kernel":{"display_name":"Python 3.9","name":"python3","language":"python"},"originates_from":{"type":"blank"},"runtime":{"environment":"conda4rt221-784f249c-4be1-4b9b-a53d-e0c45c3c222e"}},"location_definition":{"physical_location_code":"DAL","physical_location_code_assigned_by":"IBMid-270004FPGB","physical_location_code_rds_id":"c57cb90f-2126-3800-9c9f-9eab82021cdf","physical_location_code_rds_version":"test_version_noop","physical_location_code_assignment_method":"INFERRED","physical_location_code_added_on":"1646757521033"}},"attachments":[{"id":"b9a51614-adc9-4bb1-a819-f558dd2f3ef2","version":2,"asset_type":"notebook","name":"Predicting Contract Success Using AutoAI - P2 Notebook","description":"Predicting Contract Success Using AutoAI - P2 Notebook attachment for notebook asset 881c6e37-85e8-4eaf-8185-0cbaa054711e","mime":"application/json","datasource_type":"193a97c1-4475-4a19-b90c-295c4fdc6517","object_key":"notebook/notebook_881c6e37-85e8-4eaf-8185-0cbaa054711e.ipynb","creator_id":"IBMid-270004FPGB","create_time":1648496929178,"size":21546,"is_remote":false,"is_managed":false,"is_referenced":true,"is_object_key_read_only":false,"is_user_provided_path_key":true,"transfer_complete":true,"is_partitioned":false,"complete_time_ticks":1648496929178,"user_data":{},"test_doc":0,"handle":{"bucket":"projectanalysis-donotdelete-pr-iw4xt8rocboelr","location":"us-geo","key":"notebook/notebook_881c6e37-85e8-4eaf-8185-0cbaa054711e.ipynb","upload_id":"done","max_part_num":1},"usage":{"access_count":0,"last_accessor_id":"IBMid-270004FPGB","last_access_time":1648496929178}}]}
