{"metadata":{"asset_id":"90c2facb-0bde-4917-bc9f-19100a84bb75","asset_attributes":["wml_pipeline"],"name":"Contract Success Using AutoAI","asset_type":"wml_pipeline","created_at":"2022-06-08T17:11:03Z","description":"Contract Success Using AutoAI","origin_country":"us","owner_id":"IBMid-270004FPGB","project_id":"6447a93a-601f-488b-b6b4-63f7ce38f29a","sandbox_id":"6447a93a-601f-488b-b6b4-63f7ce38f29a","size":0,"tags":["dsx-project.784f249c-4be1-4b9b-a53d-e0c45c3c222e"],"usage":{"last_update_time":1654708263969,"last_updated_at":"2022-06-08T17:11:03Z"}},"entity":{"wml_pipeline":{"document":{"doc_type":"pipeline","pipelines":[{"id":"autoai","nodes":[{"id":"automl","op":"kube","parameters":{"output_logs":true,"input_file_separator":",","stage_flag":true,"optimization":{"compute_pipeline_notebooks_flag":true,"cv_num_folds":3,"daub_adaptive_subsampling_max_mem_usage":15000000000,"holdout_param":0.1,"label":"Successful Contract","learning_type":"classification","max_num_daub_ensembles":2,"positive_label":"Y","run_cognito_flag":true,"scorer_for_ranking":"accuracy","train_sample_columns_index_list":[3,5,6,7,8,9,10,11,13,14,15,16,17,18,19,20,21,22,23,24,25,26,28]},"n_parallel_data_connections":4,"one_vs_all_file":true},"runtime_ref":"autoai","type":"execution_node"}],"runtime_ref":"hybrid"}],"primary_pipeline":"autoai","runtimes":[{"app_data":{"wml_data":{"hardware_spec":{"base_id":"a6c4923b-b8e4-444c-9f43-8a7ec3020110","name":"L"}}},"id":"autoai","name":"auto_ai.kb"}],"version":"2.0"},"ml_version":"4.0.1"}}}
